veiculo,origem,destino,distancia
1,0,11,31.622777
1,11,0,31.622777
2,0,3,22.561028
2,3,0,22.561028
3,0,6,36.400549
3,1,9,18.384776
3,2,8,19.416488
3,4,2,26.400758
3,5,13,20.000000
3,6,1,28.160256
3,7,15,40.311289
3,8,7,33.541020
3,9,14,25.495098
3,10,0,22.360680
3,12,10,22.360680
3,13,12,22.360680
3,14,4,19.849433
3,15,5,15.811388
