veiculo,origem,destino,distancia
1,0,13,50.000000
1,10,0,22.360680
1,12,10,22.360680
1,13,12,22.360680
2,0,11,31.622777
2,11,0,31.622777
3,0,3,22.561028
3,1,6,28.160256
3,2,4,26.400758
3,3,5,31.764760
3,4,14,19.849433
3,5,15,15.811388
3,6,0,36.400549
3,7,8,33.541020
3,8,2,19.416488
3,9,1,18.384776
3,14,9,25.495098
3,15,7,40.311289
