veiculo,origem,destino,distancia
1,0,1,53.740115
2,0,1,53.740115
3,0,1,53.740115
