veiculo,origem,destino,distancia
1,0,12,44.721360
1,1,6,28.160256
1,2,4,26.400758
1,4,14,19.849433
1,6,0,36.400549
1,8,2,19.416488
1,9,1,18.384776
1,12,13,22.360680
1,13,8,22.360680
1,14,9,25.495098
2,0,3,22.561028
2,3,5,31.764760
2,5,7,40.311289
2,7,15,40.311289
2,11,0,31.622777
2,15,11,35.355339
3,0,10,22.360680
3,10,0,22.360680
